user_id,revenue,revenue_rank
793,4697.159896850586,1
1725,4672.1100997924805,2
626,3985.6800537109375,3
2103,3664.6499519348145,4
525,3610.4900875091553,5
1068,3415.0801162719727,6
2045,3322.4801292419434,7
1774,3218.219970703125,8
2026,3178.389904022217,9
2492,3172.9898986816406,10
1782,3172.8000106811523,11
1590,3136.0199184417725,12
2541,3106.4298934936523,13
2280,3017.2500762939453,14
1159,2992.630096435547,15
2012,2983.499969482422,16
710,2974.769992828369,17
934,2966.019920349121,18
2508,2933.6500549316406,19
2276,2922.520076751709,20
2809,2886.5299377441406,21
2157,2877.030002593994,22
2921,2868.7899990081787,23
2723,2795.399890899658,24
1465,2761.6799850463867,25
2658,2689.7999773025513,26
978,2664.5899562835693,27
2102,2649.909903526306,28
864,2624.9500122070312,29
1684,2619.910057067871,30
674,2577.5100593566895,31
1444,2530.7900314331055,32
2910,2499.600109100342,33
1083,2487.750015258789,34
245,2461.6099891662598,35
596,2445.3000268936157,36
1368,2420.3799438476562,37
1773,2419.1600589752197,38
535,2400.9300842285156,39
549,2392.669952392578,40
2049,2388.1099758148193,41
443,2365.350109100342,42
1163,2363.129985809326,43
608,2354.080005645752,44
162,2311.849962234497,45
831,2266.269989013672,46
2641,2266.209945678711,47
778,2251.6099967956543,48
1980,2245.4799947738647,49
2181,2241.5600299835205,50
22,2227.030022621155,51
2210,2220.640037536621,52
546,2218.9399576187134,53
2057,2176.680000305176,54
192,2173.82999420166,55
528,2154.7799530029297,56
2,2153.509961128235,57
2034,2152.3900413513184,58
860,2149.2400512695312,59
604,2139.260051727295,60
1087,2124.499955177307,61
304,2115.8999938964844,62
2203,2106.579999923706,63
1809,2092.0000038146973,64
1803,2090.969961166382,65
1626,2084.7999839782715,66
1628,2079.600061416626,67
1349,2063.489990234375,68
2295,2062.999984741211,69
1219,2052.419997215271,70
1233,2022.5700225830078,71
29,2016.3800382614136,72
2149,1993.3700199127197,73
2669,1961.8199949264526,74
1800,1959.2499713897705,75
1014,1952.4600200653076,76
1529,1952.3800230026245,77
372,1949.719955444336,78
2337,1948.1100158691406,79
2885,1920.899990081787,80
176,1914.9399604797363,81
2007,1899.9999561309814,82
986,1899.8500480651855,83
2162,1893.2300119400024,84
2902,1879.2000102996826,85
973,1874.2099962234497,86
2661,1872.870059967041,87
1990,1851.869987487793,88
2668,1850.179983139038,89
1879,1849.659999847412,90
742,1848.4600315093994,91
637,1844.7499980926514,92
2336,1842.4099731445312,93
557,1834.199993133545,94
1639,1816.6199579238892,95
1882,1812.8200244903564,96
2503,1812.0700035095215,97
1392,1801.1399688720703,98
2929,1793.1999816894531,99
1313,1790.4299449920654,100
2098,1779.8399505615234,101
1358,1774.3299775123596,102
2774,1759.5799894332886,103
1416,1756.590045928955,104
242,1751.6999969482422,105
2653,1741.0499572753906,106
2655,1738.520037651062,107
1914,1737.2399682998657,108
1365,1736.3300094604492,109
2248,1734.3200378417969,110
1470,1730.7200078964233,111
23,1726.540023803711,112
2984,1723.419994354248,113
2594,1718.5400123596191,114
1478,1709.4299850463867,115
1989,1708.8600158691406,116
1873,1707.7600231170654,117
1565,1706.3600015640259,118
210,1703.2700004577637,119
1017,1699.3899483680725,120
984,1696.839988708496,121
226,1692.5400066375732,122
2918,1691.960018157959,123
1813,1690.7999806404114,124
925,1689.0200080871582,125
54,1668.3400230407715,126
566,1663.3599548339844,127
2467,1660.6099739074707,128
2994,1657.1000442504883,129
1212,1654.5699768066406,130
2308,1639.2899932861328,131
2622,1635.699951171875,132
704,1609.8600120544434,133
2444,1605.9799795150757,134
2230,1602.699951171875,135
1337,1602.319953918457,136
1188,1594.0200576782227,137
2159,1592.4899559020996,138
1682,1586.3800201416016,139
1263,1586.1699981689453,140
1536,1583.1000142097473,141
119,1583.069969177246,142
2350,1579.860008239746,143
2055,1575.8099784851074,144
2346,1572.3899459838867,145
254,1571.930040359497,146
307,1566.7199592590332,147
40,1560.4299621582031,148
2818,1556.819995880127,149
2652,1547.7300567626953,150
670,1547.2300453186035,151
363,1541.5600357055664,152
1328,1540.959976196289,153
2459,1535.9200439453125,154
632,1528.679973602295,155
2382,1528.2600030899048,156
702,1524.5400505065918,157
1305,1519.0199928283691,158
1448,1518.840033531189,159
1681,1510.890022277832,160
86,1504.3199844360352,161
1293,1497.2900085449219,162
1647,1496.8599605560303,163
1620,1496.7000160217285,164
2937,1496.4100303649902,165
1463,1493.1800050735474,166
2284,1489.320026397705,167
907,1489.2999839782715,168
979,1486.6200332641602,169
2219,1481.119987487793,170
1298,1473.2700242996216,171
768,1440.499984741211,172
2868,1433.969955444336,173
1611,1429.7399520874023,174
741,1427.6500358581543,175
2882,1418.3500289916992,176
1152,1415.1400451660156,177
1794,1410.8800048828125,178
921,1410.3099899291992,179
2666,1406.890009880066,180
2097,1404.5600128173828,181
2588,1404.1599407196045,182
2242,1394.9100170135498,183
1921,1391.1299953460693,184
1843,1391.0900249481201,185
1998,1390.169991493225,186
2321,1389.3999881744385,187
2405,1388.3800506591797,188
2476,1387.7000160217285,189
1157,1384.9300155639648,190
375,1381.6699628829956,191
2052,1379.9599609375,192
1266,1379.0400390625,193
1638,1379.020013809204,194
1309,1378.4699783325195,195
1148,1376.9100189208984,196
1597,1374.2600479125977,197
1319,1372.8599910736084,198
2450,1369.7999820709229,199
2572,1369.56001663208,200
1855,1365.220012664795,201
2804,1362.1900024414062,202
137,1361.6400022506714,203
1386,1359.439998626709,204
955,1358.4499893188477,205
1490,1358.1800079345703,206
516,1355.670021057129,207
619,1353.9200134277344,208
1977,1350.9800243377686,209
1970,1349.350009918213,210
2607,1347.7099933624268,211
1852,1344.8900032043457,212
1147,1338.999984741211,213
428,1338.719970703125,214
1637,1334.7699928283691,215
465,1334.5599756240845,216
1574,1334.430025100708,217
1255,1326.780029296875,218
2316,1326.7500381469727,219
311,1326.7000255584717,220
1830,1325.049997329712,221
1696,1323.599998474121,222
73,1318.8800106048584,223
2776,1318.5799865722656,224
1272,1316.730001449585,225
2839,1313.9399948120117,226
1402,1311.9900016784668,227
351,1311.4800338745117,228
1736,1306.9800200462341,229
755,1305.4300003051758,230
2154,1303.0099878311157,231
2765,1299.5800132751465,232
2687,1299.4699907302856,233
2217,1298.5500183105469,234
2172,1298.099967956543,235
365,1296.9299926757812,236
1659,1296.4500160217285,237
423,1296.019980430603,238
2272,1290.7400207519531,239
1491,1289.7000408172607,240
39,1289.6599645614624,241
1232,1289.4400329589844,242
822,1286.149990081787,243
1168,1285.5400161743164,244
1631,1283.0699920654297,245
957,1281.4800033569336,246
1307,1278.2400131225586,247
171,1271.9699840545654,248
2008,1267.2799816131592,249
2221,1263.6399688720703,250
2829,1263.1599979400635,251
1105,1261.5599899291992,252
1867,1260.8800201416016,253
1215,1258.9200248718262,254
1864,1256.120002746582,255
816,1254.84996509552,256
2775,1249.9200019836426,257
1846,1248.8099842071533,258
75,1247.8799781799316,259
1902,1245.9100189208984,260
399,1245.070026397705,261
1992,1243.379970550537,262
2071,1240.7100143432617,263
520,1232.5599937438965,264
367,1231.5299987792969,265
1893,1230.2699928283691,266
2602,1227.9399948120117,267
791,1226.4200286865234,268
2044,1223.5099544525146,269
1948,1223.130012512207,270
2197,1221.3699951171875,271
2709,1219.3600101470947,272
2713,1219.0400085449219,273
2608,1217.2299728393555,274
700,1216.9499864578247,275
1653,1216.800048828125,276
2673,1212.5199890136719,277
990,1209.5600080490112,278
1986,1209.4699573516846,279
1545,1207.2999877929688,280
2095,1207.2400283813477,281
601,1201.9300155639648,282
2275,1201.5000548362732,283
2204,1198.7900581359863,284
2436,1198.4000301361084,285
2243,1196.760009765625,286
2188,1194.2099952697754,287
1936,1192.4500122070312,288
725,1192.2600526809692,289
691,1191.43994140625,290
2519,1190.4599876403809,291
1235,1189.7100219726562,292
936,1188.1900129318237,293
1144,1187.0199508666992,294
869,1183.6400260925293,295
1669,1182.860019683838,296
825,1180.6800174713135,297
396,1174.6299781799316,298
2764,1174.18998336792,299
1765,1173.380027770996,300
2296,1171.3400115966797,301
2858,1170.9599990844727,302
1580,1170.5499801635742,303
2259,1170.180012702942,304
91,1168.7400398254395,305
2787,1167.439992904663,306
2135,1167.0999865531921,307
1994,1166.5100059509277,308
874,1160.589991569519,309
2414,1160.2799987792969,310
2494,1159.8499794006348,311
1931,1158.1100273132324,312
653,1157.5499725341797,313
496,1153.1499814987183,314
2042,1151.1599884033203,315
1811,1150.9799852371216,316
2932,1150.9600143432617,317
154,1150.829978942871,318
1123,1148.9400253295898,319
818,1148.6500225067139,320
342,1148.4099979400635,321
2429,1148.1599607467651,322
2643,1147.890007019043,323
2551,1147.5999975204468,324
251,1147.3500175476074,325
2890,1146.700008392334,326
2757,1146.2299888134003,327
2876,1145.5699729919434,328
1506,1144.339997291565,329
191,1144.0299835205078,330
1498,1142.9100189208984,331
798,1142.5199737548828,332
1292,1141.9599838256836,333
2236,1138.990005493164,334
1699,1138.1500282287598,335
1918,1135.8600006103516,336
397,1130.1299858093262,337
1910,1128.0000095367432,338
2410,1125.6400537490845,339
2846,1119.7100048065186,340
1103,1118.130027770996,341
586,1117.7499923706055,342
1153,1117.6199884414673,343
1583,1117.599998474121,344
2568,1115.6199741363525,345
988,1113.7699718475342,346
2428,1113.2100315093994,347
2315,1109.4600219726562,348
2965,1107.2099809646606,349
2361,1105.229995727539,350
1450,1103.5900211334229,351
195,1102.5299863815308,352
581,1101.4599785804749,353
2163,1098.7200012207031,354
113,1095.3599700927734,355
1135,1094.950008392334,356
2746,1093.9799880981445,357
484,1092.2600402832031,358
2780,1090.0400352478027,359
2725,1089.7599792480469,360
730,1089.6200351715088,361
1395,1087.3700141906738,362
1139,1086.8600311279297,363
2811,1085.890022277832,364
2180,1085.7799758911133,365
2004,1084.9299945831299,366
991,1084.5000076293945,367
2935,1081.4400215148926,368
1020,1079.3200054168701,369
1423,1078.5900192260742,370
1131,1078.5500030517578,371
2434,1077.760009765625,372
383,1077.6099977493286,373
1417,1074.3199920654297,374
1904,1073.5800189971924,375
1824,1072.9299869537354,376
1602,1071.1500186920166,377
1259,1071.049949645996,378
1102,1070.6699752807617,379
1532,1068.759994506836,380
1167,1067.9900150299072,381
1779,1066.5100021362305,382
2002,1066.5000228881836,383
1092,1066.4899911880493,384
2884,1064.8699951171875,385
618,1062.6300048828125,386
1940,1061.9800243377686,387
665,1061.9300231933594,388
2781,1058.3100185394287,389
2067,1052.7200012207031,390
429,1051.5100135803223,391
763,1049.8499946594238,392
1848,1049.629991531372,393
1137,1048.1699714660645,394
2375,1045.4400177001953,395
2606,1044.8700351715088,396
1377,1044.5800151824951,397
1568,1042.9899787902832,398
2322,1042.5299911499023,399
920,1042.2300052642822,400
1896,1041.5900011062622,401
1492,1040.3899955749512,402
386,1040.339988708496,403
2637,1039.2200074195862,404
881,1036.7899913787842,405
932,1036.22998046875,406
43,1034.9699783325195,407
2462,1034.410005569458,408
2706,1033.9400024414062,409
521,1032.7899913787842,410
1577,1030.5800018310547,411
2646,1030.529977798462,412
2257,1029.2500305175781,413
1231,1026.700005531311,414
2838,1026.6400051116943,415
1915,1024.7800064086914,416
1284,1023.7800178527832,417
657,1023.5899868011475,418
1120,1022.8300075531006,419
2694,1022.540002822876,420
1527,1021.5799932479858,421
1258,1021.1999816894531,422
676,1019.6699895858765,423
1391,1017.8099946975708,424
1945,1016.2800254821777,425
2065,1015.9500198364258,426
2842,1014.5900115966797,427
336,1013.2500114440918,428
1412,1012.2600059509277,429
1029,1010.9700193405151,430
892,1009.2400074005127,431
770,1008.4900178909302,432
905,1006.6500034332275,433
2872,1004.1499767303467,434
2161,1002.9000072479248,435
283,1002.6300058364868,436
36,1001.9600028991699,437
149,999.4699821472168,438
2457,999.0700073242188,439
2263,998.7699785232544,440
2383,998.7499771118164,441
714,996.5999956130981,442
849,995.7299957275391,443
2886,995.2400207519531,444
2124,994.919979095459,445
187,994.1300106048584,446
128,992.5400314331055,447
2170,991.7500114440918,448
1456,990.1999740600586,449
401,990.1699905395508,450
2582,989.7199954986572,451
68,989.5899887084961,452
381,989.1899700164795,453
1531,988.3399810791016,454
2797,987.4500198364258,455
2213,987.2799949645996,456
267,987.1999626159668,457
724,985.1699829101562,458
1712,983.7999591827393,459
1587,983.3399963378906,460
2557,982.9499931335449,461
1270,982.370002746582,462
67,982.2400054931641,463
1901,982.0100078582764,464
2225,978.7599811553955,465
464,976.9199867248535,466
2301,973.850019454956,467
2888,972.6600284576416,468
2544,971.5999755859375,469
2722,970.1100101470947,470
2028,968.3799743652344,471
644,968.00998878479,472
2247,966.680006980896,473
1379,964.2300262451172,474
80,963.1200103759766,475
1504,962.2800216674805,476
2297,962.0499935150146,477
2539,961.02001953125,478
1216,958.7800178527832,479
330,957.3799772262573,480
1715,955.9899826049805,481
2939,954.4100170135498,482
2596,953.9599838256836,483
718,953.460018157959,484
1658,952.6600341796875,485
390,946.3800201416016,486
2977,945.3000011444092,487
1888,944.9500112533569,488
1108,942.8499965667725,489
144,942.4699897766113,490
163,941.7899703979492,491
1161,941.4799728393555,492
1297,939.7400093078613,493
2995,938.4499974250793,494
1526,938.1500091552734,495
2198,937.7200117111206,496
1206,935.8200082778931,497
2813,933.969970703125,498
1066,933.3399925231934,499
1947,931.1199703216553,500
565,928.019998550415,501
391,927.7300281524658,502
2069,924.2099905014038,503
393,923.8399982452393,504
2489,923.0000152587891,505
646,921.9999866485596,506
2318,920.5600233078003,507
720,919.7199964523315,508
1575,918.8600120544434,509
1046,916.8499956130981,510
214,916.2200164794922,511
1541,914.5000038146973,512
2712,914.3999977111816,513
384,914.2700004577637,514
2802,914.2199859619141,515
1271,912.5000076293945,516
658,912.4599761962891,517
1625,911.1200275421143,518
350,911.1000061035156,519
19,910.819995880127,520
148,909.3399810791016,521
1462,908.0799942016602,522
2659,907.350025177002,523
1158,907.1899719238281,524
101,905.9600067138672,525
1118,902.4700012207031,526
1052,901.6600131988525,527
1036,901.5300006866455,528
1746,901.3700256347656,529
2615,901.3499755859375,530
1041,900.9800004959106,531
1378,900.2600049972534,532
2435,899.6900024414062,533
914,899.6500263214111,534
1720,899.0400047302246,535
2605,896.8000030517578,536
12,894.47998046875,537
373,894.2900161743164,538
2701,893.530011177063,539
845,892.6500053405762,540
2730,892.1900033950806,541
655,892.1800231933594,542
2597,891.4800109863281,543
2451,891.1200065612793,544
2497,891.0900230407715,545
2786,889.9800052642822,546
1562,889.2600021362305,547
1479,889.0200004577637,548
502,888.7200050354004,549
960,888.2499980926514,550
832,888.2099914550781,551
2570,886.5399856567383,552
2533,886.0599889755249,553
431,885.849967956543,554
904,885.0700149536133,555
1522,884.6199989318848,556
2262,884.5800094604492,557
103,884.5000076293945,558
967,883.6799879074097,559
131,880.9999923706055,560
1869,880.4599838256836,561
196,879.97998046875,562
313,879.819974899292,563
597,879.6400165557861,564
944,878.8899974822998,565
1737,878.8099946975708,566
2748,878.1900072097778,567
1125,876.9799976348877,568
1858,876.2100028991699,569
2215,875.2099914550781,570
2948,874.4100112915039,571
1388,873.919979095459,572
2700,873.4400177001953,573
575,873.2900047302246,574
407,870.6800155639648,575
2464,870.090015411377,576
537,869.11998462677,577
844,868.0300025939941,578
771,867.4900121688843,579
2260,866.6099853515625,580
862,865.5000038146973,581
2232,864.9099988937378,582
483,864.3600158691406,583
371,863.630012512207,584
1032,863.3600196838379,585
1185,862.889986038208,586
1290,858.8700065612793,587
207,858.6399765014648,588
1546,858.1800003051758,589
489,857.5200171470642,590
42,854.2000274658203,591
884,854.1699991226196,592
1099,853.8099822998047,593
1197,852.1900024414062,594
2419,851.6099853515625,595
1447,850,596
992,849.6700077056885,597
398,849.2899932861328,598
2317,848,599
456,847.9500007629395,600
2769,847.3700180053711,601
667,845.1500191688538,602
1261,844.929988861084,603
1709,844.7099800109863,604
1650,843.8399887084961,605
1128,842.5399627685547,606
1630,842.5000123977661,607
2909,838.510009765625,608
1891,838.3299884796143,609
1461,837.5899963378906,610
2325,837.3000130653381,611
564,837.1100234985352,612
2073,836.9000091552734,613
2739,836.5700087547302,614
345,836.179988861084,615
518,836.0399961471558,616
84,834.1600036621094,617
2506,832.469970703125,618
2153,832.0199966430664,619
1690,831.399974822998,620
1933,830.7599945068359,621
2800,829.8100147247314,622
2101,829.529993057251,623
2576,829.0400142669678,624
1829,828.1500110626221,625
315,825.3300094604492,626
2477,824.1399993896484,627
1608,823.2800145149231,628
1090,823.0400018692017,629
2079,822.779990196228,630
1165,822.4800033569336,631
1542,822.4100112915039,632
2862,821.9400062561035,633
561,819.9900016784668,634
2879,819.5899982452393,635
722,819.2800254821777,636
2832,818.730034828186,637
2601,818.6299858093262,638
266,818.4200134277344,639
1679,816.9099807739258,640
1539,816.2599868774414,641
1754,816.13001537323,642
529,815.4899950027466,643
827,814.6799964904785,644
116,814.640022277832,645
821,812.8000221252441,646
327,812.6999893188477,647
2901,812.3299951553345,648
146,811.8699989318848,649
1320,810.8899917602539,650
1476,810.7199993133545,651
1140,810.6300048828125,652
1674,810.3200054168701,653
2812,809.9099884033203,654
2509,807.1500091552734,655
1229,805.6699981689453,656
2530,805.4800109863281,657
2670,805.2900238037109,658
480,805.1899719238281,659
2314,804.820011138916,660
835,801.5999946594238,661
833,800.6000032424927,662
1094,799.7699851989746,663
952,799.7300109863281,664
2411,797.6200084686279,665
321,795.1599884033203,666
2564,794.1699981689453,667
1711,793.4600124359131,668
2148,792.6799898147583,669
2536,791.319990158081,670
2950,791.1600008010864,671
272,789.6100082397461,672
183,788.0599880218506,673
1987,787.659990310669,674
2962,786.8899726867676,675
344,786.7899923324585,676
1381,785.9200057983398,677
839,785.8399848937988,678
2548,784.25998878479,679
1192,784.0399856567383,680
1354,782.3799848556519,681
1434,782.1200141906738,682
1791,780.9100008010864,683
1357,780.7599945068359,684
616,779.7499904632568,685
562,779.4699859619141,686
485,779.2899780273438,687
2567,778.6400127410889,688
1908,778.5999984741211,689
1,778.1199951171875,690
2455,777.7900085449219,691
2805,777.6700134277344,692
422,776.8899726867676,693
1201,774.1800079345703,694
2614,773.8100204467773,695
343,773.3499870300293,696
124,772.4699954986572,697
1130,772.3500080108643,698
2591,772.0900163650513,699
929,771.6400032043457,700
1285,769.8500061035156,701
719,769.6199951171875,702
362,769.3799934387207,703
1054,769.0199928283691,704
216,768.7400093078613,705
542,768.1900186538696,706
2463,767.4099922180176,707
2717,766.9399719238281,708
1171,765.5700225830078,709
2598,765.1199817657471,710
852,764.4799842834473,711
2801,764.2400093078613,712
1889,762.7099952697754,713
855,762.4200267791748,714
2025,761.2800025939941,715
1851,758.0100021362305,716
238,757.9199948310852,717
2960,757.6900062561035,718
901,757.010009765625,719
1445,756.9499998092651,720
2249,756.859992980957,721
1706,754.9799957275391,722
93,754.0200023651123,723
996,753.9699974060059,724
2617,753.230007648468,725
1750,752.9299869537354,726
622,752.3499708175659,727
526,752.3200273513794,728
57,750.279993057251,729
805,749.7299900054932,730
2218,748.6999855041504,731
1925,747.2599716186523,732
1660,747.2199993133545,733
738,745.8499984741211,734
117,745.3000164031982,735
1938,745.0799903869629,736
278,744.6800022125244,737
2924,744.6299934387207,738
1252,744.5500068664551,739
1184,743.4700012207031,740
1591,742.2399997711182,741
2046,740.739987373352,742
1603,739.7900047302246,743
1876,739.1800003051758,744
1595,739.0700225830078,745
668,737.3499965667725,746
1024,737.2100067138672,747
470,737.0500011444092,748
2278,733.9200029373169,749
1666,733.7999877929688,750
2442,733.7900009155273,751
1494,733.6399993896484,752
1984,733.1399993896484,753
1273,731.8100280761719,754
753,731.7099838256836,755
2209,730.9499788284302,756
160,729.9599800109863,757
476,729.3999938964844,758
506,729.1500129699707,759
1250,729.0999946594238,760
1553,727.4299941062927,761
1771,727.2799987792969,762
1342,726.8800001144409,763
1622,725.5399780273438,764
129,725.0899963378906,765
868,724.7500152587891,766
850,724.4199924468994,767
2578,723.3399963378906,768
1486,720.4499816894531,769
662,720.1999988555908,770
2483,718.9699954986572,771
72,717.5900030136108,772
2914,717.5699768066406,773
982,717.1599731445312,774
540,715.8800048828125,775
2015,715.5000114440918,776
152,714.6900062561035,777
2106,713.4200096130371,778
1275,713.2200207710266,779
262,713.0299983024597,780
1778,712.4200096130371,781
1820,711.7700119018555,782
1234,709.7200241088867,783
2127,709.5900115966797,784
2554,709.4699831008911,785
620,709.4499931335449,786
794,708.7699947357178,787
1758,708.129997253418,788
1117,707.2400054931641,789
1151,704.6599998474121,790
1350,704.2900123596191,791
250,704.180009841919,792
1503,704.1399955749512,793
2310,703.9999923706055,794
263,703.2399864196777,795
792,701.3199996948242,796
2904,700.9400100708008,797
2555,700.3400039672852,798
494,699.649977684021,799
199,699.5099878311157,800
2041,698.9899845123291,801
2887,698.6700220108032,802
2244,697.8200035095215,803
299,697.3800258636475,804
2229,696.9500141143799,805
115,694.7500038146973,806
1805,694.5300140380859,807
1093,694.5199890136719,808
1154,693.8400077819824,809
999,693.75998878479,810
2415,693.3200073242188,811
193,693.0600128173828,812
1723,693.0399942398071,813
2017,692.2100105285645,814
495,692.1900053024292,815
1244,691.1999969482422,816
2906,691.0099830627441,817
1015,690.899998664856,818
2711,690.8100128173828,819
2202,690.6599979400635,820
2851,690.519989490509,821
883,688.8999900817871,822
1920,688.0699739456177,823
942,687.609992980957,824
2254,687.5499963760376,825
2916,685.7500133514404,826
118,685.5599975585938,827
1178,685.3099975585938,828
300,685.280029296875,829
599,684.3400039672852,830
198,683.0499982833862,831
1047,682.5300273895264,832
2433,682.1199989318848,833
273,680.8800048828125,834
1493,680.5899963378906,835
572,677.5299835205078,836
1446,677.2299909591675,837
1239,677.1000080108643,838
615,677.0199890136719,839
48,676.5500183105469,840
538,675.7599925994873,841
740,675.7199859619141,842
1256,674.2400016784668,843
1665,673.9400100708008,844
2274,673.840012550354,845
2266,673.7699966430664,846
2480,673.75,847
897,673.4799976348877,848
241,672.8199920654297,849
2738,672.71999168396,850
2999,672.5000023841858,851
1978,669.8499813079834,852
237,668.8399839401245,853
62,668.689998626709,854
1606,667.5900039672852,855
505,667.239990234375,856
2980,666.620005607605,857
1572,666.6100006103516,858
1333,665.8899917602539,859
2505,665.6899948120117,860
1110,665.5399951934814,861
2620,665.280029296875,862
1133,664.9200057983398,863
2206,664.4999923706055,864
105,664.2899971008301,865
2867,663.0199890136719,866
1610,662.2599983215332,867
277,661.8599891662598,868
1467,661.6700096130371,869
950,661.4900093078613,870
2339,660.9600067138672,871
295,660.040002822876,872
2853,659.489990234375,873
1138,658.1000137329102,874
2332,657.7799911499023,875
1089,657.2400035858154,876
687,657.1499862670898,877
1705,656.5199966430664,878
1677,656.1800060272217,879
1132,655.8299989700317,880
703,655.3499851226807,881
432,654.3600034713745,882
574,654.0800151824951,883
349,653.8399925231934,884
2704,652.7299995422363,885
224,652.4600105285645,886
2972,652.3699951171875,887
729,650.8500022888184,888
759,650.1200170516968,889
2430,649.7700119018555,890
1894,649.7099952697754,891
1899,648.0400161743164,892
2854,647.9700012207031,893
1564,647.8199996948242,894
2353,647.5399975776672,895
1253,646.4900150299072,896
1071,646.0400047302246,897
1693,645.5399932861328,898
2783,645.4900064468384,899
2566,644.8200073242188,900
1823,644.4599990844727,901
1366,643.3099899291992,902
2985,642.7500076293945,903
2312,642.4300003051758,904
640,641.9700012207031,905
919,641.779993057251,906
2592,639.079999923706,907
239,639.069995880127,908
2657,638.9500274658203,909
2401,638.6200094223022,910
2075,638.1299819946289,911
439,637.4399719238281,912
1578,637.269998550415,913
1363,636.7500152587891,914
2727,636.1500263214111,915
956,635.9800033569336,916
326,635.7999892234802,917
2131,635.689998626709,918
2177,635.2300033569336,919
405,634.6000003814697,920
185,634.2500305175781,921
1251,633.960015296936,922
2633,633.0099716186523,923
663,632.6500053405762,924
394,632.0999755859375,925
1734,632.0899963378906,926
1390,631.9800033569336,927
2843,631.8199872970581,928
964,631.2500038146973,929
2682,630.3899917602539,930
2678,629.0999908447266,931
2439,628.780029296875,932
1929,625.9999885559082,933
1204,625.8300170898438,934
284,625.5599899291992,935
2896,624.640007019043,936
2386,624.4400100708008,937
1334,624.1699962615967,938
940,623.1000137329102,939
270,623.0599822998047,940
1756,622.75,941
2545,622.729998588562,942
1959,622.080005645752,943
1360,621.5200061798096,944
76,621.3200073242188,945
387,620.1600151062012,946
2663,618.7500114440918,947
2638,618.3099975585938,948
2441,617.6999893188477,949
2268,617.559986114502,950
1338,617.4400024414062,951
1752,617.3299980163574,952
25,616.5400066375732,953
2112,615.870023727417,954
2486,615.6700248718262,955
1078,614.85999584198,956
1437,614.3100128173828,957
2368,613.7899932861328,958
181,613.5100231170654,959
1425,612.5299949645996,960
2120,611.1700267791748,961
2612,610.2000122070312,962
290,609.6200103759766,963
879,609.4099731445312,964
2911,609.2699966430664,965
1569,608.9400024414062,966
491,608.760009765625,967
2526,608.3900146484375,968
1037,606.3700113296509,969
569,606.2300109863281,970
1080,605.5499992370605,971
961,605.0999755859375,972
2093,604.1900024414062,973
2915,603.4999961853027,974
1243,603.239990234375,975
552,602.2099895477295,976
2542,601.5999870300293,977
2849,601.4600028991699,978
2790,600.3300285339355,979
2959,599.7000045776367,980
1496,599.6399841308594,981
227,599.3899879455566,982
685,599.379994392395,983
2087,599.299991607666,984
1217,599.1300029754639,985
2680,597.8299961090088,986
389,596.8700065612793,987
1856,595.5099983215332,988
2586,595.1000061035156,989
2498,595.0900077819824,990
1700,594.8000259399414,991
1415,593.6199798583984,992
623,593.059986114502,993
318,590.0200004577637,994
2735,589.550012588501,995
686,589.359992980957,996
420,588.7300157546997,997
1646,588.4500007629395,998
2407,588.0499877929688,999
802,586.6100082397461,1000
468,586.5199890136719,1001
111,585.7200164794922,1002
1689,585.6799926757812,1003
2785,585.4799880981445,1004
2416,585.1600112915039,1005
2891,585.0800018310547,1006
1960,584.8100051879883,1007
2502,584.7699899673462,1008
2164,584.7299880981445,1009
1548,584.4500007629395,1010
2191,584.3599967956543,1011
965,583.7799825668335,1012
2398,582.7300109863281,1013
1501,582.4500052928925,1014
130,582.2900018692017,1015
628,582.0900001525879,1016
1095,581.359992980957,1017
2392,580.8300018310547,1018
2362,580.8200054168701,1019
726,580.7700042724609,1020
1329,579.9100017547607,1021
1116,579.8999938964844,1022
453,579.7899875640869,1023
2784,579.6600112915039,1024
2060,578.2799987792969,1025
895,578.2300157546997,1026
2094,578.0399780273438,1027
2651,577.7400054931641,1028
1237,576.390007019043,1029
2660,575.579999923706,1030
2173,575.1799964904785,1031
2733,574.969970703125,1032
2359,573.569995880127,1033
2740,572.7500038146973,1034
1964,572.1000080108643,1035
202,572.0300002098083,1036
977,571.2900047302246,1037
1683,570.2100105285645,1038
359,570.1700019836426,1039
139,569.6800060272217,1040
962,569.0799903869629,1041
732,568.7499847412109,1042
236,568.3299922943115,1043
1082,568.0899963378906,1044
2306,567.3000121116638,1045
121,567.1399831771851,1046
1495,567.0399856567383,1047
2538,566.5000019073486,1048
141,566.4800033569336,1049
1288,565.96999168396,1050
1561,564.2000045776367,1051
338,563.5500068664551,1052
1939,563.5300045013428,1053
1636,562.9500141143799,1054
58,562.8400020599365,1055
2114,561.2699880599976,1056
2380,561.1100006103516,1057
2183,560.8700103759766,1058
82,560.6399993896484,1059
994,560.560001373291,1060
1040,560.0200233459473,1061
524,559.0300140380859,1062
510,558.5599880218506,1063
2573,558.3699879646301,1064
471,557.7699871063232,1065
1760,557.2599992752075,1066
580,556.260009765625,1067
559,554.290002822876,1068
285,553.7800102233887,1069
1480,553.5999908447266,1070
2870,553.5100021362305,1071
2773,553.3299865722656,1072
1739,553.2900047302246,1073
1909,552.9899826049805,1074
2677,552.7200088500977,1075
810,552.3699989318848,1076
563,551.920000076294,1077
1483,551.7899932861328,1078
2963,551.6300010681152,1079
1707,549.9000129699707,1080
2083,549.8699951171875,1081
611,549.5300025939941,1082
513,549.2200088500977,1083
3000,549.180006980896,1084
887,548.0400142669678,1085
2561,547.5899877548218,1086
1952,547.5200066566467,1087
1221,547.4999847412109,1088
1155,547.0499877929688,1089
2743,546.6199951171875,1090
2037,546.3400115966797,1091
2387,545.7699909210205,1092
1924,545.5899848937988,1093
1710,544.7200164794922,1094
1325,544.5700073242188,1095
1317,543.7899894714355,1096
706,543.5299949645996,1097
280,543.510009765625,1098
2903,543.2899932861328,1099
1367,542.9800109863281,1100
1944,540.8999938964844,1101
2613,539.8899865150452,1102
2947,539.8099994659424,1103
1508,539.3899917602539,1104
1067,538.7999877929688,1105
2969,537.4199733734131,1106
1443,537.2000122070312,1107
2897,537.0599870681763,1108
1768,534.920000076294,1109
633,532.7100048065186,1110
650,532.3400068283081,1111
1730,532.1499938964844,1112
2525,531.39000415802,1113
2609,531.3799915313721,1114
817,531.1799983978271,1115
1932,531.0099945068359,1116
2936,530.4199924468994,1117
37,529.879997253418,1118
2468,528.2400016784668,1119
257,528.0400104522705,1120
2452,527.5600051879883,1121
1717,527.3200149536133,1122
739,526.3799915313721,1123
2991,526.2699947357178,1124
2745,525.2499885559082,1125
1134,522.8000068664551,1126
1142,522.7700023651123,1127
645,522.52001953125,1128
1294,522.4700126647949,1129
16,522.1799926757812,1130
1868,521.4000244140625,1131
780,520.5399951934814,1132
1223,520.259991645813,1133
1688,520.0300025939941,1134
143,519.7099990844727,1135
2631,519.5200004577637,1136
547,519.0699920654297,1137
2719,518.9700107574463,1138
993,518.889997959137,1139
695,518.8299865722656,1140
910,518.6600036621094,1141
588,517.830005645752,1142
1283,517.8000030517578,1143
2121,516.1999969482422,1144
2791,515.7099914550781,1145
87,514.7699980735779,1146
1112,514.6300058364868,1147
642,514.3200016021729,1148
2126,513.3399858474731,1149
179,512.1599988937378,1150
512,511.8100128173828,1151
716,510.5800094604492,1152
1995,510.180006980896,1153
2720,510.05000400543213,1154
578,509.8600082397461,1155
1346,509.5400085449219,1156
2360,509.38001346588135,1157
2892,509.2100067138672,1158
1777,508.8499984741211,1159
918,508.3399963378906,1160
1969,508.3299951553345,1161
2470,507.57000732421875,1162
843,507.2300090789795,1163
582,506.7000060081482,1164
2942,505.95999908447266,1165
946,505.4099884033203,1166
2261,505.04998779296875,1167
1744,502.9000053405762,1168
1097,502.6699995994568,1169
2446,502.0800018310547,1170
1793,501.0600051879883,1171
2562,500.40000343322754,1172
2475,500.2799949645996,1173
985,500.12001037597656,1174
2654,499.2800064086914,1175
1439,498.63001918792725,1176
1318,498.220009803772,1177
1474,498.19999265670776,1178
958,497.8199977874756,1179
1912,497.7000045776367,1180
1588,497.6999988555908,1181
2267,497.52000617980957,1182
1009,496.92000579833984,1183
989,496.1800003051758,1184
751,495.8199977874756,1185
2331,495.7200086116791,1186
916,495.4499931335449,1187
2507,494.80001640319824,1188
2402,494.5800018310547,1189
99,494.47998809814453,1190
1086,494.2100067138672,1191
560,493.75,1192
1310,492.970006942749,1193
2080,492.9399948120117,1194
1524,492.3400058746338,1195
2905,491.6400032043457,1196
1951,491.61000061035156,1197
2893,491.3899974822998,1198
1373,491.36001205444336,1199
1764,490.8100051879883,1200
553,490.15000915527344,1201
2988,490.0000104904175,1202
2495,489.93001556396484,1203
255,489.0699977874756,1204
436,488.8300018310547,1205
701,488.4100112915039,1206
2563,488.2899856567383,1207
1210,487.9000053405762,1208
1038,486.99000358581543,1209
2195,486.2800102233887,1210
2409,485.61998176574707,1211
2778,485.1400146484375,1212
1895,485.0899963378906,1213
2834,484.6199951171875,1214
1941,484.5200080871582,1215
605,483.61999320983887,1216
1511,483.5900115966797,1217
1241,480.73000717163086,1218
2412,480.4000072479248,1219
1839,480.02000427246094,1220
681,478.97998428344727,1221
2708,478.3399829864502,1222
2967,478.03000259399414,1223
2377,478.0100088119507,1224
517,477.5300064086914,1225
848,477.310001373291,1226
108,477.260009765625,1227
829,476.97998809814453,1228
2758,476.8099937438965,1229
2027,476.2200050354004,1230
339,476.2200050354004,1230
1397,475.8900032043457,1232
2496,475.50999450683594,1233
1619,475.239990234375,1234
1850,475.1399898529053,1235
1956,475.12998390197754,1236
2427,474.6699981689453,1237
460,474.60000801086426,1238
974,474.2700090408325,1239
2133,473.8800048828125,1240
629,473.86000633239746,1241
2138,473.7300109863281,1242
175,472.4099998474121,1243
1898,472.3600149154663,1244
1740,471.9700012207031,1245
1816,471.49001121520996,1246
232,471.1500163078308,1247
660,470.8899955749512,1248
1554,469.86998748779297,1249
2836,469.69999599456787,1250
329,469.14001274108887,1251
1675,469.1200141906738,1252
1983,468.8999900817871,1253
1849,468.8400001525879,1254
1662,468.2099857330322,1255
133,467.87001037597656,1256
223,467.6799850463867,1257
2866,467.57000732421875,1258
259,467.46999406814575,1259
442,466.8500061035156,1260
711,466.450008392334,1261
2155,466.3199996948242,1262
1953,465.929988861084,1263
1172,465.8999938964844,1264
1790,464.77000617980957,1265
271,464.6799964904785,1266
1772,464.36999893188477,1267
1240,464.1800136566162,1268
878,463.88001251220703,1269
1433,463.69000244140625,1270
166,463.60999965667725,1271
1122,462.63001251220703,1272
2399,462.4099922180176,1273
1408,461.8800048828125,1274
1523,461.4000015258789,1275
472,461.2400093078613,1276
671,461.07000732421875,1277
1698,461.0500030517578,1278
1943,460.7699899673462,1279
2420,460.29998779296875,1280
503,459.96000385284424,1281
2683,459.5800018310547,1282
1376,459.56998443603516,1283
2623,457.9700012207031,1284
328,457.50000190734863,1285
2531,457.3100128173828,1286
235,457.3000087738037,1287
963,457.16001892089844,1288
2000,456.850004196167,1289
2469,456.7099952697754,1290
2344,456.65999603271484,1291
1999,456.36000061035156,1292
900,455.2400093078613,1293
2031,454.9900016784668,1294
613,453.0900058746338,1295
2827,452.8500032424927,1296
2760,452.3799819946289,1297
2749,452.12000274658203,1298
902,451.81000900268555,1299
376,451.43999576568604,1300
2156,450.3199920654297,1301
2990,450.03000259399414,1302
64,449.86998748779297,1303
584,449.6500053405762,1304
2240,448.08001708984375,1305
1724,447.88000297546387,1306
1190,444.8300037384033,1307
594,444.5600061416626,1308
1440,444.16000270843506,1309
177,444.00000286102295,1310
11,443.8699951171875,1311
2941,443.74999809265137,1312
2676,442.5300006866455,1313
1048,442.4400043487549,1314
21,442.19000244140625,1315
276,442.0500144958496,1316
589,441.87000846862793,1317
2871,441.3499994277954,1318
2741,440.61998748779297,1319
1436,440.50999450683594,1320
858,440.2899913787842,1321
182,440.0999975204468,1322
1729,439.8999938964844,1323
530,438.95999908447266,1324
2515,438.7300090789795,1325
2744,438.5900135040283,1326
527,436.0700149536133,1327
2931,435.5200080871582,1328
1743,435.22999572753906,1329
2077,434.6499972343445,1330
2223,434.5500011444092,1331
532,434.040002822876,1332
1854,433.55999755859375,1333
2946,433.2899980545044,1334
1162,433.20001220703125,1335
2137,432.9400038719177,1336
369,432.52000999450684,1337
1827,432.5199966430664,1338
923,432.4099941253662,1339
1802,431.9900074005127,1340
1962,430.87999391555786,1341
1822,430.51000213623047,1342
2618,430.22000312805176,1343
1604,430.15000438690186,1344
823,430.0999946594238,1345
172,430.04001235961914,1346
2979,429.3399963378906,1347
2449,429.16000270843506,1348
1485,427.9299883842468,1349
2894,427.820011138916,1350
976,427.5600051879883,1351
680,427.5299987792969,1352
2825,427.3999996185303,1353
951,427.24998474121094,1354
408,427.1399841308594,1355
1817,426.9100036621094,1356
1326,426.50000762939453,1357
2064,426.4699935913086,1358
41,425.8300132751465,1359
1525,424.560001373291,1360
728,424.32001399993896,1361
2418,424.32000732421875,1362
2919,423.74000358581543,1363
1657,423.49999809265137,1364
229,421.37000846862793,1365
595,421.34001064300537,1366
100,421.0900058746338,1367
221,420.4399948120117,1368
2400,420.25999450683594,1369
2369,419.8499946594238,1370
463,419.79999923706055,1371
1302,419.6000089645386,1372
870,419.4000053405762,1373
2978,418.61001658439636,1374
2456,418.610013961792,1375
1911,418.5500030517578,1376
2432,418.14001083374023,1377
1821,417.8500061035156,1378
104,417.30999851226807,1379
871,416.76000118255615,1380
688,416.64000511169434,1381
2511,416.2800064086914,1382
2208,415.3300018310547,1383
2940,415.12001037597656,1384
856,415.0199966430664,1385
2648,414.9100036621094,1386
1227,414.27000617980957,1387
435,414.16999435424805,1388
155,413.73999214172363,1389
2736,413.20001220703125,1390
906,413.1999931335449,1391
1031,412.9600019454956,1392
1605,412.2199993133545,1393
2522,412.10000133514404,1394
28,411.74999380111694,1395
231,411.7200012207031,1396
1327,411.6700096130371,1397
2393,411.5999870300293,1398
610,411.33000898361206,1399
2830,411,1400
1907,410.99999618530273,1401
772,410.86000061035156,1402
1552,410.4500045776367,1403
1781,410.1699981689453,1404
1560,409.8999938964844,1405
1556,409.6299843788147,1406
2721,409.380003452301,1407
499,409.1999931335449,1408
2356,409.1500015258789,1409
2061,408.9099998474121,1410
83,407.83999824523926,1411
1881,406.6299934387207,1412
1149,406.58001136779785,1413
2186,406.56999015808105,1414
2625,406.45999336242676,1415
1106,406.2000026702881,1416
1585,404.11999893188477,1417
1136,402.7200050354004,1418
1347,402.2400007247925,1419
1276,402.1000061035156,1420
675,402.02000999450684,1421
1115,401.5899887084961,1422
1065,400.5999870300293,1423
947,400.35999870300293,1424
1096,400.21001052856445,1425
2122,399.339994430542,1426
515,399.20000076293945,1427
1472,398.5899906158447,1428
402,398.39998626708984,1429
2696,397.7100086212158,1430
643,397.69000244140625,1431
774,397.30999755859375,1432
1769,397.2299995422363,1433
90,397.0100030899048,1434
2372,396.93999195098877,1435
2038,396.7599983215332,1436
2697,396.69999980926514,1437
1988,396.29999923706055,1438
2119,396.27000427246094,1439
1633,396.2300043106079,1440
240,396.0400085449219,1441
205,395.64000701904297,1442
341,395.38000679016113,1443
2621,395.02999114990234,1444
2487,394.8000011444092,1445
819,394.7300109863281,1446
649,393.7899990081787,1447
1538,392.8599977493286,1448
353,392.65000009536743,1449
2189,392.2399959564209,1450
225,392.0199899673462,1451
2925,390.9300022125244,1452
2543,390.51000595092773,1453
945,390.47999572753906,1454
1058,389.86998748779297,1455
891,389.03000831604004,1456
2166,388.80999755859375,1457
1411,388.63998889923096,1458
1974,388.4799976348877,1459
1459,387.3400077819824,1460
302,386.64999771118164,1461
2650,385.7100067138672,1462
2059,385.5599875450134,1463
352,384.8999938964844,1464
2136,384.35000228881836,1465
713,384.3099899291992,1466
959,384.0699987411499,1467
1530,384.0400047302246,1468
899,383.4500045776367,1469
1196,383.3399887084961,1470
1352,383.25,1471
55,382.6999988555908,1472
437,382.5500030517578,1473
249,382.20001220703125,1474
1837,381.9599862098694,1475
380,380.5199890136719,1476
785,379.5999946594238,1477
1981,379.57000732421875,1478
799,379.04000091552734,1479
2033,378.97999382019043,1480
2684,378.9599914550781,1481
913,378.7200050354004,1482
2913,378.7100143432617,1483
2009,378.5600051879883,1484
1877,378.3400058746338,1485
357,378.1199903488159,1486
885,377.5400114059448,1487
2595,377.37999725341797,1488
1049,377.18001556396484,1489
1643,377.15000343322754,1490
2281,376.9000039100647,1491
2691,376.6400032043457,1492
2421,376.34001064300537,1493
2282,376.3200035095215,1494
2335,375.6600046157837,1495
1079,375.45001220703125,1496
2987,375.4300003051758,1497
2714,375.1299991607666,1498
889,374.69000244140625,1499
379,374.0499973297119,1500
1645,373.8200149536133,1501
2227,373.54000091552734,1502
2559,373.19999504089355,1503
2966,372.1699981689453,1504
8,372.11999893188477,1505
2145,372.0599994659424,1506
1012,372.00999212265015,1507
1812,371.70998764038086,1508
2493,370.66999340057373,1509
1249,370.1199951171875,1510
2656,369.75000381469727,1511
840,369.1700019836426,1512
2039,368.9700040817261,1513
1296,368.6000061035156,1514
2671,368.2700138092041,1515
2734,367.29000091552734,1516
2552,366.5100040435791,1517
2624,366.4700012207031,1518
2212,366.2000102996826,1519
813,365.8000030517578,1520
2662,365.6600036621094,1521
377,365.5900077819824,1522
1566,365.5099983215332,1523
2850,365.38000202178955,1524
1277,365.310001373291,1525
2768,365.2199935913086,1526
2584,365.0700054168701,1527
2954,364.8500099182129,1528
332,364.69999504089355,1529
1100,364.65001106262207,1530
88,364.6299991607666,1531
1928,364.5899963378906,1532
673,363.59998893737793,1533
758,363.5599937438965,1534
2245,363.48999786376953,1535
2132,363.2199935913086,1536
998,363.1900062561035,1537
2144,362.66000175476074,1538
161,362.59000396728516,1539
356,362.48999404907227,1540
1528,362.35998725891113,1541
1861,362.1399955749512,1542
2140,362.0299949645996,1543
2018,361.98999786376953,1544
1857,361.55000162124634,1545
6,359.8300151824951,1546
2043,359.8000011444092,1547
1449,359.67999267578125,1548
1016,359.60999631881714,1549
937,359.1500053405762,1550
1937,359.0499954223633,1551
2082,358.56998443603516,1552
2011,358.5500011444092,1553
406,357.69000148773193,1554
190,357.4700012207031,1555
890,357.4199924468994,1556
1759,356.9199981689453,1557
1160,356.9199962615967,1558
1469,356.40999603271484,1559
1589,355.47000885009766,1560
1460,355.4500012397766,1561
2340,354.88999938964844,1562
1586,354.86001205444336,1563
142,354.3999938964844,1564
1127,354.3600034713745,1565
2845,354.2200012207031,1566
893,354.05000734329224,1567
2792,353.84000968933105,1568
1027,353.8199920654297,1569
2417,353.2200126647949,1570
1070,352.9899969100952,1571
2672,352.2100067138672,1572
1076,351.9800033569336,1573
2283,351.7100067138672,1574
2796,351.39999771118164,1575
2141,351.37000274658203,1576
2824,351.2799940109253,1577
1927,350.6800079345703,1578
634,350.2800064086914,1579
570,350.22000312805176,1580
2273,350.09000301361084,1581
213,349.9600028991699,1582
303,349.9599952697754,1583
1306,349.7999973297119,1584
1582,349.70000648498535,1585
1164,349.6100044250488,1586
717,349.5200023651123,1587
2348,349.3500061035156,1588
500,348.9799966812134,1589
573,348.3199939727783,1590
639,347.3599910736084,1591
748,346.3300018310547,1592
2438,346.0399971008301,1593
2953,345.99001121520996,1594
971,345.9000129699707,1595
2066,345.36000061035156,1596
1887,345.25999450683594,1597
1362,344.46001052856445,1598
1410,344.4600028991699,1599
2724,344.3100051879883,1600
1107,344.19000244140625,1601
820,343.8799982070923,1602
2443,343.72999382019043,1603
2286,343.5500030517578,1604
2447,343.40000915527344,1605
189,343.29999828338623,1606
1722,343.2999963760376,1607
2054,343.15999031066895,1608
1180,342.9899959564209,1609
783,342.8200035095215,1610
2178,342.67000579833984,1611
440,342.2799987792969,1612
2667,341.93000984191895,1613
1842,341.8800048828125,1614
1295,341.75999450683594,1615
2366,341.439998626709,1616
2010,341.2200012207031,1617
814,341.1000003814697,1618
159,340.70000076293945,1619
1685,340.67999267578125,1620
1627,340.6300048828125,1621
2864,340.5999984741211,1622
2192,340.3299980163574,1623
2152,340.0899963378906,1624
134,340.0199966430664,1625
1222,339.83000087738037,1626
1435,339.69000244140625,1627
2388,339.4399995803833,1628
968,339.0399932861328,1629
140,338.9299964904785,1630
2179,338.7099914550781,1631
556,338.6200008392334,1632
385,338.510009765625,1633
788,338.4199981689453,1634
2384,337.86999893188477,1635
2590,337.6699905395508,1636
2201,337.0799903869629,1637
2110,336.59000539779663,1638
2320,336.3999938964844,1639
630,336.1500015258789,1640
2214,335.44999504089355,1641
325,335.4199981689453,1642
60,334.87000274658203,1643
1466,334.4700050354004,1644
975,334.20000171661377,1645
2454,333.9700012207031,1646
2264,333.69000244140625,1647
1289,333.6499938964844,1648
838,333.4699954986572,1649
492,333.2799873352051,1650
2020,333.2199935913086,1651
1954,332.00000381469727,1652
2104,331.6100001335144,1653
2005,331.540002822876,1654
1728,331.46999168395996,1655
567,331.3799967765808,1656
1207,330.9900131225586,1657
1279,330.80999755859375,1658
1640,330.71999740600586,1659
2807,330.2299995422363,1660
2123,330.17999839782715,1661
77,330.1699867248535,1662
1081,329.7100019454956,1663
1228,329.4599952697754,1664
2579,329.4000053405762,1665
1355,328.9699935913086,1666
723,328.430006980896,1667
1336,328.1800079345703,1668
173,327.67000579833984,1669
215,326.6700019836426,1670
935,325.99000549316406,1671
602,325.8300075531006,1672
1497,325.5900077819824,1673
1314,325.5400047302246,1674
256,325.40000104904175,1675
969,325.01999855041504,1676
2636,324.3300018310547,1677
1718,324.31000328063965,1678
291,324.260009765625,1679
1301,324.14999771118164,1680
2771,323.86000633239746,1681
2200,323.4699935913086,1682
1775,322.93999671936035,1683
1844,322.6300048828125,1684
2521,322.50999450683594,1685
445,322.290003657341,1686
1716,322.06999588012695,1687
2927,321.9600028991699,1688
1795,320.86000061035156,1689
414,320.14998626708984,1690
1967,320.0799865722656,1691
2270,319.5999984741211,1692
274,319.45999813079834,1693
1026,319.1099910736084,1694
2199,318.9700050354004,1695
508,318.96000480651855,1696
1265,318.37001037597656,1697
1220,318.32000160217285,1698
1770,318.20001220703125,1699
746,318.0700035095215,1700
1766,317.5199890136719,1701
776,317.50000381469727,1702
2951,317.38999366760254,1703
2556,317.3599944114685,1704
2265,317.2500047683716,1705
541,316.9700050354004,1706
2826,316.36000061035156,1707
558,315.8499870300293,1708
749,315.5999975204468,1709
1634,315.3799948692322,1710
301,315.2800045013428,1711
1826,315.25,1712
2013,314.5500030517578,1713
1075,314.23999786376953,1714
787,314.1499900817871,1715
1788,314.1399974822998,1716
744,314.02000427246094,1717
2422,313.9000015258789,1718
1648,313.7899932861328,1719
2806,313.729998588562,1720
2365,313.36000061035156,1721
413,313.2300033569336,1722
1789,313.0300006866455,1723
1997,312.9300003051758,1724
1828,312.11000633239746,1725
2068,311.54999923706055,1726
426,311.3299980163574,1727
1304,311.1499938964844,1728
1814,310.8200054168701,1729
281,310.39999198913574,1730
664,309.99999618530273,1731
1230,309.86999130249023,1732
404,309.7999954223633,1733
551,309.63000106811523,1734
2770,309.36001205444336,1735
1248,309.1199951171875,1736
253,308.87000274658203,1737
754,308.64000129699707,1738
1613,308.51000595092773,1739
2231,308.2999954223633,1740
1796,307.95000743865967,1741
51,307.6999979019165,1742
2762,307.6700019836426,1743
2029,305.8799991607666,1744
2171,305.8400001525879,1745
1170,305.6000003814697,1746
50,305.4900131225586,1747
1961,305.38000202178955,1748
2920,305.3499994277954,1749
2367,305.1300048828125,1750
1195,304.5599956512451,1751
2074,304.5599956512451,1751
288,304.32999992370605,1753
2040,304.2499952316284,1754
1678,303.95999908447266,1755
2986,303.7899932861328,1756
875,303.5200004577637,1757
514,303.4999952316284,1758
1632,303.30000352859497,1759
1694,303.24999618530273,1760
641,303.03999519348145,1761
2692,303.02001190185547,1762
2424,302.4500036239624,1763
2571,302.3200054168701,1764
2837,302.16000175476074,1765
1339,302.010009765625,1766
243,301.8399963378906,1767
2917,301.62000274658203,1768
310,301.3999891281128,1769
269,301.1100044250488,1770
1686,300.6800003051758,1771
1971,300.6599922180176,1772
1389,300.3999938964844,1773
488,299.84000396728516,1774
1670,299.59000396728516,1775
800,299.2100019454956,1776
2779,298.5900058746338,1777
1173,298.49000358581543,1778
590,298.239990234375,1779
2396,298.05999755859375,1780
308,296.8500051498413,1781
2299,295.7200012207031,1782
1323,295.5899963378906,1783
2907,294.7400016784668,1784
333,294.6999969482422,1785
853,294.4400062561035,1786
1308,294.3000068664551,1787
2848,294.20999908447266,1788
1429,294.189998626709,1789
859,293.99000549316406,1790
1224,293.88000297546387,1791
2090,293.42000579833984,1792
1835,293.3899965286255,1793
2491,293.23999786376953,1794
1704,293.1199951171875,1795
1547,293.0500087738037,1796
2957,292.2599992752075,1797
2404,292.249990940094,1798
2841,291.87999153137207,1799
2642,291.660005569458,1800
876,291.34999656677246,1801
433,290.959997177124,1802
2817,290.3800048828125,1803
1892,290.1199951171875,1804
1405,290.02000427246094,1805
364,289.88999938964844,1806
340,289.15000343322754,1807
1001,288.9799919128418,1808
1520,288.700008392334,1809
1010,287.23999786376953,1810
1050,286.9500045776367,1811
1420,286.5000057220459,1812
1815,286.009991645813,1813
1063,285.70999908447266,1814
1182,285.7099952697754,1815
939,285.6399955749512,1816
2453,285.489990234375,1817
2089,285.4699935913086,1818
448,285.2000045776367,1819
1799,284.81999015808105,1820
2550,283.75,1821
1371,283.70000648498535,1822
699,283.5400023460388,1823
212,283.4200134277344,1824
1414,283.23999786376953,1825
1866,283.04999351501465,1826
1514,282.739990234375,1827
2355,282.7300052642822,1828
1584,282.50000381469727,1829
427,282.4400005340576,1830
1680,281.72998809814453,1831
244,281.63999938964844,1832
2753,281.34000396728516,1833
2833,281.13000106811523,1834
2514,280.2700023651123,1835
1055,279.9300003051758,1836
2147,279.50999641418457,1837
2271,279.5,1838
47,278.950008392334,1839
1870,278.8000011444092,1840
167,278.4700050354004,1841
523,278.24000549316406,1842
1786,278.1200008392334,1843
331,277.35000705718994,1844
2134,276.9399948120117,1845
1019,276.3899955749512,1846
756,276.1199951171875,1847
217,276.0900049209595,1848
2997,275.7800064086914,1849
1641,275.73000144958496,1850
2287,275.2000045776367,1851
1205,274.8400077819824,1852
168,274.71999740600586,1853
2529,274.53000259399414,1854
2096,273.95999908447266,1855
2385,273.18999671936035,1856
169,273.0899963378906,1857
2766,272.6700019836426,1858
188,272.3500003814697,1859
2285,271.93000316619873,1860
2540,271.3200092315674,1861
323,271.03000259399414,1862
1432,270.77000427246094,1863
358,270.42000579833984,1864
896,270.3899955749512,1865
2989,270.3800048828125,1866
861,270.3199996948242,1867
2513,270.1000099182129,1868
624,269.68000507354736,1869
2799,269.5900058746338,1870
2207,269.4799995422363,1871
954,269.42999839782715,1872
2176,268.95999336242676,1873
164,268.1699981689453,1874
360,267.8399963378906,1875
1687,267.04000663757324,1876
2859,266.82000732421875,1877
126,266.73999404907227,1878
65,266.389995098114,1879
35,266.37999725341797,1880
769,266.350004196167,1881
2516,266.29000091552734,1882
2908,265.4800024032593,1883
1396,264.9500026702881,1884
2750,264.70999908447266,1885
378,264.04000091552734,1886
1375,263.8699951171875,1887
536,263.86000061035156,1888
2023,263.1900062561035,1889
366,262.8299970626831,1890
165,262.6300048828125,1891
2688,262.55000019073486,1892
1655,261.8400020599365,1893
1621,261.7299976348877,1894
2016,260.86000061035156,1895
1507,260.6500024795532,1896
970,260.00000381469727,1897
1335,260.0000014305115,1898
1069,259.989990234375,1899
2759,259.37001037597656,1900
1225,259.31999588012695,1901
92,258.6500072479248,1902
828,257.90999603271484,1903
2880,257.5699920654297,1904
2490,257.1599998474121,1905
1028,256.4599914550781,1906
2611,256.4500045776367,1907
17,256.0600070953369,1908
2160,255.69000625610352,1909
69,255.47999382019043,1910
493,255.29000186920166,1911
789,255.06999683380127,1912
1186,255.06000518798828,1913
78,254.5900001525879,1914
1573,254.16000080108643,1915
2970,253.90000128746033,1916
392,253.4499979019165,1917
2241,253.1999969482422,1918
434,253.06000518798828,1919
2549,252.88999938964844,1920
2006,252.82999420166016,1921
419,252.43000030517578,1922
635,251.3000030517578,1923
2922,250.7899932861328,1924
1074,250.58999633789062,1925
761,249.39999866485596,1926
1413,248.8000030517578,1927
2686,248.60000228881836,1928
1635,248.40999603271484,1929
750,248.10000610351562,1930
1274,248.0699920654297,1931
2395,247.95999908447266,1932
1652,247.8699951171875,1933
1825,247.8499984741211,1934
2167,247.43999862670898,1935
1257,247.38000392913818,1936
636,247.2100067138672,1937
606,246.87000274658203,1938
1982,246.86999893188477,1939
2373,246.45000076293945,1940
851,246.17999839782715,1941
873,245.38000679016113,1942
2021,244.43999862670898,1943
298,244.10000610351562,1944
2473,243.28999614715576,1945
2726,243.27999687194824,1946
1198,243.2700023651123,1947
912,242.71000480651855,1948
31,242.6500015258789,1949
2109,242.55000686645508,1950
1738,242.51000595092773,1951
1280,242.4000072479248,1952
233,242.05999946594238,1953
1549,241.76000261306763,1954
2675,241.12000274658203,1955
2698,241.04000091552734,1956
727,240.77999877929688,1957
2258,240.49999809265137,1958
1726,240.45000457763672,1959
779,240.37999725341797,1960
1051,239.61999320983887,1961
1629,239.46999740600586,1962
2974,239.13000106811523,1963
1702,238.86999702453613,1964
1727,238.7900037765503,1965
847,238.52999114990234,1966
2751,237.85999488830566,1967
1885,237.7399959564209,1968
2976,237.36999702453613,1969
1341,237.16000080108643,1970
2379,236.25,1971
1571,236.04000854492188,1972
156,235.68999862670898,1973
1505,235.49000930786133,1974
1059,235.10999488830566,1975
1509,235.04000091552734,1976
1518,235.01000213623047,1977
1853,234.89000701904297,1978
1903,234.70000457763672,1979
110,234.42999839782715,1980
2585,233.70000457763672,1981
490,233.6800022125244,1982
903,233.40999794006348,1983
1570,233.11999130249023,1984
1592,232.63000106811523,1985
898,232.59000778198242,1986
1438,232.54000854492188,1987
2968,232.39999771118164,1988
2205,231.92000246047974,1989
2569,230.88999557495117,1990
784,230.46000289916992,1991
194,230.37000370025635,1992
2873,230.37000274658203,1993
1098,229.77999687194824,1994
1862,229.5300064086914,1995
14,228.58999919891357,1996
479,228.3699951171875,1997
678,228.1300048828125,1998
689,227.93999671936035,1999
2798,227.89999675750732,2000
95,227.48999786376953,2001
2840,227.37000274658203,2002
2237,227.05999374389648,2003
1400,227.01999473571777,2004
1364,226.3799967765808,2005
548,226.29999923706055,2006
1056,226.24000549316406,2007
455,225.95999717712402,2008
2912,225.87999534606934,2009
370,225.7400016784668,2010
545,225.16999435424805,2011
2510,225.07000350952148,2012
1406,224.98999786376953,2013
2728,224.47999954223633,2014
1004,223.13000679016113,2015
1701,222.9499912261963,2016
2185,222.48999786376953,2017
441,222.42999839782715,2018
1030,222.1900029182434,2019
1745,221.60000610351562,2020
2822,221.36000442504883,2021
2705,221.2899980545044,2022
2481,220.85000801086426,2023
2130,220.77000427246094,2024
2640,220.5400047302246,2025
335,220.13999938964844,2026
1516,220.05999946594238,2027
2761,219.9900016784668,2028
450,219.98999500274658,2029
2431,219.55999660491943,2030
767,219.19000244140625,2031
2546,218.12000274658203,2032
997,218.10000228881836,2033
1464,218.06999969482422,2034
2196,217.77999877929688,2035
1312,217.50000190734863,2036
2644,217.4600067138672,2037
715,217.4599952697754,2038
2973,216.69999980926514,2039
452,215.65000343322754,2040
2810,215.55000114440918,2041
1776,215.3800048828125,2042
2788,215.16000366210938,2043
1801,215.0500030517578,2044
1874,214.88999557495117,2045
2363,214.7400016784668,2046
314,214.7000002861023,2047
1599,214.6599998474121,2048
747,213.8000030517578,2049
1018,213.42000198364258,2050
631,212.88999557495117,2051
2292,212.72999572753906,2052
1181,212.59999465942383,2053
230,212.48000717163086,2054
1013,212.2199993133545,2055
2036,211.91000080108643,2056
1642,211.67000007629395,2057
2820,211.40000343322754,2058
1114,211.36000061035156,2059
659,211.14999771118164,2060
1226,211.0800018310547,2061
297,210.9899959564209,2062
411,210.80999755859375,2063
1179,210.65999388694763,2064
948,210.38000106811523,2065
697,210.37000274658203,2066
132,210.3000030517578,2067
600,210.20000457763672,2068
888,210.1699981689453,2069
1008,209.84000396728516,2070
2856,209.75999450683594,2071
1976,209.74999618530273,2072
2107,209.70000076293945,2073
461,209.67999649047852,2074
2078,209.6199951171875,2075
2309,209.33999729156494,2076
2328,209.330002784729,2077
2958,208.81999588012695,2078
1749,208.53999710083008,2079
1187,207.80999565124512,2080
2860,206.74000549316406,2081
1146,206.52999877929688,2082
2599,206.22000122070312,2083
1482,206.08999729156494,2084
995,205.5699920654297,2085
743,205.33000946044922,2086
786,205.27999877929688,2087
2022,205.27000045776367,2088
796,205.11000061035156,2089
38,204.6999969482422,2090
2565,204.4499969482422,2091
106,204.3200011253357,2092
403,204.11999893188477,2093
696,203.6699981689453,2094
1703,203.31000137329102,2095
638,202.9900016784668,2096
2742,202.98000144958496,2097
1002,202.91000366210938,2098
457,202.87000036239624,2099
49,202.81000137329102,2100
2898,202.34999465942383,2101
522,202.19000053405762,2102
246,202.02000427246094,2103
866,201.98999977111816,2104
690,201.82999420166016,2105
286,201.72000312805176,2106
1044,201.48000240325928,2107
2277,201.16999626159668,2108
980,200.3199977874756,2109
424,200.0999984741211,2110
2945,199.86000442504883,2111
447,199.54000234603882,2112
1399,199.25000381469727,2113
474,199.16000366210938,2114
809,199.0999984741211,2115
157,198.60000610351562,2116
598,198.2699956893921,2117
1246,198.26000499725342,2118
1614,197.97000122070312,2119
1359,197.76000213623047,2120
1644,197.72000122070312,2121
2294,197.4000015258789,2122
2174,197.32999324798584,2123
2252,197.23999786376953,2124
617,197.0999984741211,2125
2143,196.78000259399414,2126
811,196.39000129699707,2127
1404,196.18000030517578,2128
1426,196.06999969482422,2129
2445,195.96999740600586,2130
1890,195.8199977874756,2131
2423,195.4499969482422,2132
2900,195.1200008392334,2133
2763,194.22999572753906,2134
705,194.19000244140625,2135
1208,194,2136
438,193.93999862670898,2137
926,192.56000518798828,2138
2381,192.4800033569336,2139
61,192.04999923706055,2140
1344,191.86999320983887,2141
2512,191.86000156402588,2142
2233,191.79000091552734,2143
1957,191.60000228881836,2144
927,190.79000091552734,2145
1543,190.60000610351562,2146
2674,190.4499969482422,2147
661,190.29999923706055,2148
576,190.1900053024292,2149
1807,190.14999961853027,2150
1174,190.02000045776367,2151
1126,189.98999691009521,2152
102,189.84000396728516,2153
2440,189.3300018310547,2154
2626,189.20000457763672,2155
2118,188.7800064086914,2156
1166,188.38999938964844,2157
1623,188.0500020980835,2158
2479,187.8400001525879,2159
10,186.76999855041504,2160
2930,186.0699977874756,2161
2926,185.86000061035156,2162
865,185.75000667572021,2163
186,185.55999755859375,2164
446,185.06999588012695,2165
2327,185.06000137329102,2166
625,184.94000244140625,2167
248,184.91000366210938,2168
2604,184.88999938964844,2169
1287,184.8699951171875,2170
1792,184.75,2171
1656,184.72000885009766,2172
1385,184.68000030517578,2173
1581,184.2300033569336,2174
1418,183.39999961853027,2175
2478,183.2200050354004,2176
1668,183.21999549865723,2177
430,183.10000610351562,2178
63,182.2900047302246,2179
2943,180.46000385284424,2180
1033,180.21999311447144,2181
201,179.86999988555908,2182
2649,179.79999923706055,2183
1475,179.74000072479248,2184
2279,179.70000076293945,2185
2547,179.6200008392334,2186
2729,179.26000213623047,2187
654,178.94999599456787,2188
841,178.56000137329102,2189
1431,178.40000343322754,2190
1818,178.3499984741211,2191
481,178.03000354766846,2192
449,177.98999881744385,2193
679,177.48999786376953,2194
2537,177.30999755859375,2195
184,176.35000610351562,2196
781,176.13000106811523,2197
1141,176.0199966430664,2198
2574,175.9499969482422,2199
74,175.3000030517578,2200
1913,175.12999725341797,2201
2580,175.09999656677246,2202
1451,174.0699977874756,2203
2329,173.67999362945557,2204
2100,173.58999919891357,2205
812,173.39999389648438,2206
2371,173.3300075531006,2207
609,173.05999851226807,2208
1006,172.95000457763672,2209
2076,171.85999870300293,2210
1946,171.68999481201172,2211
1991,171.4199981689453,2212
2047,171.26999759674072,2213
7,171.1199951171875,2214
45,171.01000022888184,2215
2619,170.86000442504883,2216
579,170.72000122070312,2217
2146,170.71000289916992,2218
123,170.44000148773193,2219
1077,170.3899965286255,2220
2699,170.1999969482422,2221
1968,170.05999755859375,2222
1398,170.0500030517578,2223
1787,169.81999588012695,2224
1324,169.73999786376953,2225
1053,168.97999954223633,2226
834,168.9000015258789,2227
882,168.19000244140625,2228
1457,167.9900016784668,2229
1104,167.6500072479248,2230
2560,167.6500015258789,2231
395,166.79000091552734,2232
147,166.7799997329712,2233
2482,166.71999740600586,2234
2471,166.4700002670288,2235
1109,165.97999954223633,2236
2056,165.6299991607666,2237
1519,165.1100025177002,2238
1875,164.3999948501587,2239
2635,163.98999786376953,2240
2461,163.9300022125244,2241
1453,163.9099941253662,2242
2142,163.4800033569336,2243
2938,163.1699981689453,2244
2063,163.11999893188477,2245
1512,163.020001411438,2246
614,162.78999710083008,2247
2865,162.72999572753906,2248
2589,162.62000274658203,2249
1473,160.74000549316406,2250
2235,160.51000213623047,2251
1393,160.36999893188477,2252
1267,160.17000198364258,2253
2150,159.92000198364258,2254
854,159.77999877929688,2255
2460,158.99999809265137,2256
2703,158.6599998474121,2257
953,158.24999618530273,2258
208,158.13999938964844,2259
56,157.88000297546387,2260
1113,157.12999725341797,2261
2581,156.58999824523926,2262
2351,155.92999744415283,2263
2777,155.69000244140625,2264
1260,155.55999851226807,2265
1609,155.19000244140625,2266
2030,155.13999938964844,2267
1421,155.11999893188477,2268
306,154.9300022125244,2269
1269,154.5900001525879,2270
1533,154.45999717712402,2271
692,154.06000137329102,2272
1926,153.95999908447266,2273
863,153.17999649047852,2274
265,152.89000129699707,2275
1441,152.77000045776367,2276
1755,152.6599998474121,2277
1356,152.18000030517578,2278
554,152,2279
203,151.50000095367432,2280
247,151,2281
1664,150.90999794006348,2282
211,150.74000549316406,2283
1487,150.39000129699707,2284
842,150.14999675750732,2285
1922,149.9099998474121,2286
752,149.8000030517578,2287
837,149.7100067138672,2288
374,149.5399990081787,2289
2182,149.40000247955322,2290
1697,149,2291
2062,148.9199981689453,2292
459,148.61000061035156,2293
1202,148.5800018310547,2294
656,148.5399932861328,2295
1084,148.52000045776367,2296
2881,148.38000059127808,2297
1598,148.03000164031982,2298
2403,147.92999267578125,2299
2794,147.77999782562256,2300
2857,147.7199993133545,2301
2394,147.56000518798828,2302
1311,147.0900001525879,2303
1576,146.7899923324585,2304
1732,146.78000259399414,2305
591,146.52999877929688,2306
1430,146.51000213623047,2307
2934,146.51000022888184,2308
2389,146.47999572753906,2309
1034,146.45999908447266,2310
764,146.39999771118164,2311
2534,146.37000274658203,2312
1785,146.13999938964844,2313
872,146.0699987411499,2314
815,145.92999839782715,2315
1124,145.66000366210938,2316
305,145.52999305725098,2317
2983,145.47999572753906,2318
477,145.44000244140625,2319
1458,145.42999649047852,2320
972,145.1599941253662,2321
421,144.84000301361084,2322
1021,144.27000427246094,2323
1965,143.8499984741211,2324
2250,143.75000476837158,2325
1949,143.58999729156494,2326
27,143.39999389648438,2327
1763,142.5199966430664,2328
2501,142.2100009918213,2329
930,142.03000450134277,2330
804,142.02999877929688,2331
418,142,2332
2664,141.94000244140625,2333
672,141.86000061035156,2334
2035,141.5500030517578,2335
2690,141.2599983215332,2336
2852,141.0500030517578,2337
1477,141,2338
482,140.68000411987305,2339
2747,140.29999542236328,2340
1780,140.09000301361084,2341
2333,139.70000076293945,2342
312,139.6699981689453,2343
911,139.5700044631958,2344
1996,138.7999973297119,2345
803,138.41000366210938,2346
334,138.3000030517578,2347
2889,138.2100009918213,2348
1332,138.05999755859375,2349
2895,137.96000289916992,2350
158,137.50999450683594,2351
511,137.40999603271484,2352
127,137.1299991607666,2353
836,136.87000274658203,2354
1315,136.45000076293945,2355
1177,135.81999683380127,2356
478,135.75,2357
826,134.8300018310547,2358
509,134.68999671936035,2359
2634,133.1199951171875,2360
908,132.9899959564209,2361
775,132.60000610351562,2362
1751,132.52000045776367,2363
1213,132.47000312805176,2364
1383,131.82999992370605,2365
1351,131.77000045776367,2366
1713,131.66999626159668,2367
2756,131.63999557495117,2368
2702,131.47999954223633,2369
2024,131.27999877929688,2370
504,130.5900001525879,2371
282,130.5500030517578,2372
71,129.90999603271484,2373
2982,129.70000076293945,2374
593,129.58999824523926,2375
1039,129.52000045776367,2376
24,129.3300018310547,2377
1649,129.23000144958496,2378
2847,128.76000213623047,2379
2342,128.49000072479248,2380
1859,128.4699993133545,2381
2632,128.0500030517578,2382
2689,128.02999877929688,2383
1061,127.27999877929688,2384
1521,127.14999961853027,2385
2425,126.71999931335449,2386
1064,126.18999862670898,2387
120,126.18000030517578,2388
1247,125.43000316619873,2389
2305,125.37999725341797,2390
1488,125.3599967956543,2391
2815,125.25,2392
1300,124.10000038146973,2393
2755,123.98999786376953,2394
2397,123.80000305175781,2395
807,123.75,2396
1387,123.66000080108643,2397
2111,123.30000305175781,2398
2485,123.2300033569336,2399
1193,123.17000198364258,2400
2793,123.04000091552734,2401
938,122.95999908447266,2402
13,122.39000129699707,2403
2616,122.30999755859375,2404
1401,121.80000305175781,2405
666,121.61999893188477,2406
762,121.4800033569336,2407
1878,121.2699966430664,2408
1380,121.15999698638916,2409
1871,121.1400032043457,2410
2113,121.13000106811523,2411
1370,120.82999801635742,2412
2971,120.55000305175781,2413
1214,120.32999801635742,2414
85,120.28999710083008,2415
2190,119.87999725341797,2416
2376,119.86999893188477,2417
2603,119.830002784729,2418
682,119.72000122070312,2419
2117,119.42000198364258,2420
1783,119.28999900817871,2421
2855,119.06999969482422,2422
1382,118.79000282287598,2423
797,118.71000099182129,2424
2527,118.35000228881836,2425
2710,118.09000205993652,2426
539,117.76000213623047,2427
1880,117.35000038146973,2428
1145,116.65999794006348,2429
2115,116.36000061035156,2430
355,115.88999938964844,2431
2019,115.16999816894531,2432
2293,115.08000183105469,2433
2828,114.77000045776367,2434
2996,114.76999855041504,2435
1923,114.57999801635742,2436
1455,114.4000015258789,2437
1973,114.38999843597412,2438
2256,113.77000045776367,2439
320,113.65000343322754,2440
712,113.42999649047852,2441
1209,113.29000091552734,2442
1555,113.07999992370605,2443
1676,112.81999969482422,2444
1348,112.53999710083008,2445
1753,112.4000015258789,2446
1993,112.26000213623047,2447
294,111.51000022888184,2448
2343,111.3499984741211,2449
2553,111.10000038146973,2450
1042,110.81999969482422,2451
1025,110.76000213623047,2452
924,110.65999603271484,2453
2767,110.60000228881836,2454
1343,110.16000175476074,2455
693,109.76999855041504,2456
1667,109.55000305175781,2457
498,109.5499963760376,2458
2165,108.25,2459
733,108.06000137329102,2460
2226,107.44999694824219,2461
2194,107.36999750137329,2462
30,107.18000030517578,2463
647,107.01000213623047,2464
178,106.80999755859375,2465
475,106.62999725341797,2466
1278,106.32000350952148,2467
1361,106.13999938964844,2468
2627,106.10000228881836,2469
2303,105.44000244140625,2470
1557,104.88000106811523,2471
1299,104.7600040435791,2472
1919,104.14999961853027,2473
2899,103.80000305175781,2474
2861,103.5199966430664,2475
1088,103.36000061035156,2476
2088,102.6100025177002,2477
96,102.43000030517578,2478
1321,102.30999755859375,2479
1203,101.96000099182129,2480
1330,101.86999893188477,2481
2290,101.83000135421753,2482
1761,101.7599983215332,2483
1838,101.73999786376953,2484
416,101.69999694824219,2485
1535,101.66000080108643,2486
1567,101.6500015258789,2487
1242,100.44999885559082,2488
1353,100.24999809265137,2489
2058,100.16999816894531,2490
348,100.07000255584717,2491
830,99.58999633789062,2492
1798,99.55999755859375,2493
1043,99.33999633789062,2494
2754,99.33000183105469,2495
2695,99.27999877929688,2496
760,99.18000030517578,2497
683,99.06999969482422,2498
260,98.77999877929688,2499
2234,98.77999877929688,2499
53,98.58999824523926,2501
2300,98.30000305175781,2502
1303,98.30000305175781,2502
324,98.18999862670898,2504
2307,98.01000118255615,2505
2051,97.9900016784668,2506
2731,97.77999973297119,2507
219,97.66999816894531,2508
2647,97.55999755859375,2509
2151,97.45000076293945,2510
2302,97.29999732971191,2511
135,97.24999618530273,2512
1975,97.19000244140625,2513
1156,96.81000137329102,2514
1963,96.12000274658203,2515
2869,95.88999795913696,2516
707,95.87000274658203,2517
1073,95.78000068664551,2518
354,95.77999877929688,2519
2085,95.51999855041504,2520
1000,95.48999977111816,2521
1003,95.44999694824219,2522
2053,95.37000274658203,2523
2819,94.94999694824219,2524
2105,94.75000190734863,2525
1428,94.3600025177002,2526
1607,94.36000061035156,2527
1200,93.80999755859375,2528
2323,93.64999771118164,2529
1905,93.57999801635742,2530
2391,93.56000328063965,2531
153,93.31999778747559,2532
200,92.83999633789062,2533
2504,92.39000129699707,2534
966,92.34000396728516,2535
1900,91.67000007629395,2536
1559,91.46999740600586,2537
417,91.2300033569336,2538
412,90.80999755859375,2539
1175,90.47999954223633,2540
1834,90.32000160217285,2541
2116,90.05999755859375,2542
603,89.99000072479248,2543
1601,89.61999893188477,2544
487,89.3100004196167,2545
1169,89.27000045776367,2546
2048,89.21999931335449,2547
846,89.0500020980835,2548
2679,88.6500015258789,2549
1832,88.39999961853027,2550
983,88.22000122070312,2551
1831,87.9300012588501,2552
2374,87.12000274658203,2553
2187,86.89999771118164,2554
941,86.86000061035156,2555
555,86.58000183105469,2556
2458,86.18999862670898,2557
462,85.5199966430664,2558
2875,85.5,2559
1072,85.41000366210938,2560
18,85.05000305175781,2561
2558,84.82000207901001,2562
180,84.3700008392334,2563
1958,84.2900037765503,2564
987,84.0199966430664,2565
1419,83.8600025177002,2566
877,83.81000137329102,2567
2831,83.56999969482422,2568
2782,83.35000228881836,2569
1883,82.84000015258789,2570
1550,82.78000259399414,2571
1218,82.71000003814697,2572
2718,82.30000114440918,2573
745,82.27999877929688,2574
2239,82.1500015258789,2575
2319,81.97999954223633,2576
1615,81.38000106811523,2577
1691,81.2400016784668,2578
204,81.23999977111816,2579
2524,81.17000102996826,2580
1721,80.45999908447266,2581
2364,80.43000030517578,2582
2091,80.18999862670898,2583
2877,80.18000030517578,2584
2081,79.58999633789062,2585
571,79.24999809265137,2586
2928,79.08999633789062,2587
1340,79.01999855041504,2588
1194,78.95000076293945,2589
2358,78.92000102996826,2590
2732,78.81999969482422,2591
2370,78.55000114440918,2592
583,78.0999984741211,2593
1558,77.68000030517578,2594
1762,77.21999931335449,2595
3,76.76000022888184,2596
444,76.73999881744385,2597
1806,76.71000099182129,2598
1884,76.65999984741211,2599
1471,76.5999984741211,2600
808,76.3899974822998,2601
1005,75.99999809265137,2602
44,75.77999877929688,2603
289,75.5500009059906,2604
1930,75.47999954223633,2605
293,75.31000137329102,2606
1797,75.20999813079834,2607
279,75.16000366210938,2608
2426,75.04000043869019,2609
122,74.18000030517578,2610
1119,73.63000106811523,2611
2129,73.4800033569336,2612
1617,73.4000015258789,2613
592,73.21000099182129,2614
2816,72.85000038146973,2615
824,72.65999794006348,2616
2823,72.60000038146973,2617
2269,72.28000068664551,2618
1810,72.00000095367432,2619
497,71.98999786376953,2620
337,71.69999885559082,2621
1747,71.2300033569336,2622
2330,71.15000057220459,2623
2032,71.12000274658203,2624
585,70.71999931335449,2625
894,70.41000080108643,2626
1322,70.25999927520752,2627
2324,69.58000183105469,2628
1985,69.5500020980835,2629
2964,69.4799976348877,2630
886,69.44000005722046,2631
2003,69.06999969482422,2632
2341,68.55999755859375,2633
1454,68.55000305175781,2634
2086,68.53999900817871,2635
206,68.3799991607666,2636
486,68.3199987411499,2637
731,68.29999923706055,2638
1409,68.10000228881836,2639
125,67.54000091552734,2640
1819,67.38999938964844,2641
1007,66.69000053405762,2642
59,66.58000087738037,2643
66,66.53999996185303,2644
1563,66.2699966430664,2645
268,65.8499984741211,2646
2600,65.62000274658203,2647
2193,65.40999984741211,2648
1515,64.92000007629395,2649
543,64.91999816894531,2650
400,64.80999946594238,2651
1845,64.75,2652
2014,64.56000137329102,2653
507,64.55999755859375,2654
587,64.37999725341797,2655
1245,63.959999084472656,2656
2313,63.71000099182129,2657
708,63.500000953674316,2658
1424,63.36999988555908,2659
1544,63.29999923706055,2660
1600,63.230000495910645,2661
917,63.15000057220459,2662
473,63.11000061035156,2663
388,62.310001373291016,2664
138,62.14999771118164,2665
2795,61.880001068115234,2666
2311,61.380001068115234,2667
2715,61.33000183105469,2668
709,61.13999891281128,2669
1372,61.05000019073486,2670
2998,60.97999954223633,2671
79,60.92000198364258,2672
2224,60.91000175476074,2673
317,60.56999969482422,2674
2520,59.400001525878906,2675
2693,59.120001792907715,2676
2961,58.76999855041504,2677
220,58.74000072479248,2678
2139,58.5,2679
2844,58.250000953674316,2680
1784,57.900001525878906,2681
26,57.709999084472656,2682
2583,57.260000228881836,2683
1422,57.13999938964844,2684
915,56.82999897003174,2685
2092,56.7599983215332,2686
2378,56.36000061035156,2687
415,56,2688
2291,55.510000228881836,2689
261,55.38000011444092,2690
2528,55.28000068664551,2691
736,55.21000099182129,2692
949,55.11000061035156,2693
451,54.849998474121094,2694
1183,54.779998779296875,2695
222,54.5099983215332,2696
1101,54.4900016784668,2697
2874,54.33999824523926,2698
454,54.140000343322754,2699
1735,54.08999824523926,2700
2070,53.70000076293945,2701
2448,53.650001525878906,2702
114,53.619998931884766,2703
2484,53.30999946594238,2704
46,52.81999969482422,2705
1452,52.57999897003174,2706
2975,52.529998779296875,2707
1950,52.35000038146973,2708
2072,52.27000045776367,2709
735,52.08000183105469,2710
2238,51.960001945495605,2711
1062,51.7400016784668,2712
2326,51.400001525878906,2713
501,50.959999084472656,2714
1022,50.95000076293945,2715
197,50.709999084472656,2716
209,50.64000129699707,2717
652,50.63999938964844,2718
2352,50.05999946594238,2719
425,49.39999961853027,2720
1481,49.380001068115234,2721
1442,49.25,2722
1384,48.38999938964844,2723
234,48.239999771118164,2724
1833,47.97999954223633,2725
2863,47.81999969482422,2726
931,47.38999843597412,2727
2334,47.11000061035156,2728
1268,46.900001525878906,2729
1281,46.68000030517578,2730
2437,46.52000045776367,2731
1714,46.47999954223633,2732
410,46.459999084472656,2733
1551,46.2400016784668,2734
2814,46,2735
806,45.84000015258789,2736
651,45.61000061035156,2737
1403,45.459999084472656,2738
2304,45.369998931884766,2739
1316,44.72999954223633,2740
773,44.63000011444092,2741
2789,44.59000015258789,2742
909,44.47999954223633,2743
2803,44.31999969482422,2744
2645,44.18000030517578,2745
2716,43.81999969482422,2746
981,43.76000213623047,2747
1757,43.709999084472656,2748
684,43.59000015258789,2749
170,43.33000183105469,2750
2993,43.209999084472656,2751
2575,43.13999938964844,2752
1906,42.81999969482422,2753
296,42.33999824523926,2754
1841,42.09000015258789,2755
1972,41.70000076293945,2756
228,41.30000019073486,2757
880,41.22999954223633,2758
361,40.68000030517578,2759
2357,40.31999969482422,2760
1872,40.22999954223633,2761
2354,40.160000801086426,2762
2169,39.459999084472656,2763
2992,38.31999969482422,2764
70,38.310001373291016,2765
867,38.209999084472656,2766
2175,37.970001220703125,2767
943,37.80999946594238,2768
1060,37.70000076293945,2769
5,37.52000045776367,2770
2835,37.09000015258789,2771
2001,37.05000019073486,2772
1673,36.88999938964844,2773
109,36.83000183105469,2774
2298,36.54999923706055,2775
1612,36.279998779296875,2776
136,35.880001068115234,2777
694,35.880001068115234,2777
1916,35.609999656677246,2779
98,35.46000003814697,2780
627,35.27000045776367,2781
1593,35.2599983215332,2782
2251,34.670000076293945,2783
1111,34.40999984741211,2784
112,34.09000015258789,2785
1537,33.66999816894531,2786
2050,33.119998931884766,2787
1860,32.540000915527344,2788
2488,32.22999954223633,2789
1692,31.959999084472656,2790
1129,31.809999465942383,2791
607,31.6899995803833,2792
1917,31.439999103546143,2793
533,31.15999984741211,2794
1847,30.809999465942383,2795
1695,30.31999969482422,2796
1369,30.270000457763672,2797
1596,30.15999984741211,2798
2629,29.96000099182129,2799
757,29.719999313354492,2800
2500,29.520000457763672,2801
2517,29.399999618530273,2802
1886,29.360000610351562,2803
2255,29.1200008392334,2804
1935,28.97000026702881,2805
669,28.93000030517578,2806
2981,28.8700008392334,2807
1517,28.8100004196167,2808
151,28.219999313354492,2809
469,27.690000534057617,2810
782,27.6200008392334,2811
2577,27.260000228881836,2812
1121,26.859999656677246,2813
801,26.780000686645508,2814
1191,26.520000457763672,2815
1427,26.5,2816
1264,26.399999618530273,2817
2220,25.549999237060547,2818
1345,24.969999313354492,2819
2923,24.860000610351562,2820
568,24.489999771118164,2821
1934,24.420000076293945,2822
2952,23.860000133514404,2823
1045,23.459999084472656,2824
2878,23.450000762939453,2825
2108,23.440000534057617,2826
2413,22.420000076293945,2827
648,22.079999923706055,2828
1654,21.8799991607666,2829
1291,21.510000228881836,2830
258,21.329999923706055,2831
1979,21.219999313354492,2832
1238,21.030000686645508,2833
721,20.920000076293945,2834
2681,20.809999465942383,2835
145,20.110000610351562,2836
1708,19.809999465942383,2837
33,19.709999084472656,2838
2084,19.709999084472656,2838
766,19.649999618530273,2840
550,19.579999923706055,2841
1236,19.039999961853027,2842
1468,18.610000610351562,2843
1840,18.399999618530273,2844
2222,17.700000762939453,2845
2630,17.139999866485596,2846
1540,16.850000381469727,2847
777,16.799999237060547,2848
2184,16.770000457763672,2849
2099,16.75,2850
1143,16.719999313354492,2851
174,16.450000762939453,2852
922,16.079999923706055,2853
309,15.800000190734863,2854
2737,15.460000038146973,2855
1035,15.229999542236328,2856
1199,15.109999656677246,2857
107,15.050000190734863,2858
1484,14.890000343322754,2859
1661,14.779999732971191,2860
2707,14.289999961853027,2861
2406,14.260000228881836,2862
2288,13.880000114440918,2863
52,13.4399995803833,2864
1500,13.15999984741211,2865
1499,12.970000267028809,2866
1616,12.289999961853027,2867
790,11.789999961853027,2868
275,11.609999656677246,2869
4,11.34000015258789,2870
346,10.859999656677246,2871
1742,10.8100004196167,2872
1618,10.399999618530273,2873
612,10.140000343322754,2874
2685,9.819999694824219,2875
2168,9.430000305175781,2876
1534,9.430000305175781,2876
2472,9.229999542236328,2878
2347,9.130000114440918,2879
1286,8.84000015258789,2880
2593,8.359999656677246,2881
531,8.210000038146973,2882
1672,8.100000381469727,2883
467,7.599999904632568,2884
698,7.559999942779541,2885
20,7.239999771118164,2886
1282,7.150000095367432,2887
1897,7.050000190734863,2888
1767,4.489999771118164,2889
1374,2.809999942779541,2890
